{"1":[4,3,2],"2":[4,1],"3":[],"4":[1],"5":[3],"5.":[477.30339887498945,216.28869674096927],"4.":[291,184],"3.":[269,668],"2.":[477.3033988749895,596.7113032590307],"1.":[615.5,406.5],"NodeNumber":5}