{"1":[5,3],"2":[5,4],"3":[2],"4":[],"5":[3,1],"5.":[477.30339887498945,216.28869674096927],"4.":[253.6966011250105,288.9429495415054],"3.":[253.69660112501055,524.0570504584946],"2.":[477.3033988749895,596.7113032590307],"1.":[615.5,406.5],"NodeNumber":5}