{"1":[4],"2":[4,3],"3":[5],"4":[3],"5":[1],"5.":[477.30339887498945,216.28869674096927],"4.":[253.6966011250105,288.9429495415054],"3.":[253.69660112501055,524.0570504584946],"2.":[65,183],"1.":[615.5,406.5],"NodeNumber":5}